property_type,listing_agency,price,location_number,city,zip_code,product_depth,bedroom_count,bathroom_count,parking_count
House,Professionals - DARWIN CITY,435000,139468611,Darwin City,800,premiere,2,1,1
Apartment,Nick Mousellis Real Estate - Eview Group Member,320000,139463755,Darwin City,800,premiere,3,2,2
Unit,Habitat Real Estate - THE GARDENS,310000,139462495,Darwin City,800,premiere,2,1,1
House,Ray White - NIGHTCLIFF,259000,139451679,Darwin City,800,premiere,1,1,0
Unit,Carol Need Real Estate - Fannie Bay,439000,139433803,Darwin City,800,premiere,3,2,2
Apartment,iProperty NT - Darwin,825000,139434039,Darwin City,800,premiere,3,2,2
Unit,Nicole Wheeler@realty - LARRAKEYAH,820000,139433055,Darwin City,800,premiere,3,2,2
Unit,Property Shop - Darwin,369000,139419411,Darwin City,800,premiere,2,1,1
Unit,Real Estate Central Projects - Darwin,439000,139407883,Darwin City,800,premiere,2,2,1
Apartment,Real Estate Central - DARWIN CITY,455000,139395811,Darwin City,800,premiere,2,2,1
Apartment,Professionals - DARWIN CITY,280000,139393067,Darwin City,800,premiere,1,1,1
Unit,Elders Real Estate - Darwin,439000,139363187,Darwin City,800,premiere,2,2,2
House,Knight Frank (NT) - Darwin,775000,139356543,Darwin City,800,premiere,3,2,2
Apartment,Get Realty - PALMERSTON CITY,625000,139349347,Darwin City,800,premiere,3,2,2
Unit,Territory Real Estate - Darwin,599000,139339003,Darwin City,800,premiere,2,2,2
Apartment,Knight Frank (NT) - Darwin,490000,139336003,Darwin City,800,premiere,1,1,1
Unit,Nick Mousellis Real Estate - Eview Group Member,337500,139319539,Darwin City,800,premiere,1,1,0
House,Call2View Real Estate - Palmerston,439000,139318927,Darwin City,800,premiere,2,2,1
Apartment,All Real Estate NT,440000,139312507,Darwin City,800,midtier,2,2,2
Apartment,Professionals - DARWIN CITY,640000,139299807,Darwin City,800,premiere,2,2,2
Apartment,Knight Frank (NT) - Darwin,500000,139287567,Darwin City,800,premiere,1,1,1
Unit,Absolute Real Estate NT - Darwin,305000,139278451,Darwin City,800,premiere,1,1,1
Unit,Absolute Real Estate NT - Darwin,295000,139278075,Darwin City,800,premiere,1,1,1
Unit,Colliers International - Darwin,795000,139277147,Darwin City,800,premiere,3,3,4
Unit,Core Realty NT - RAPID CREEK,950000,139267215,Darwin City,800,premiere,3,2,2
House,Ray White - NIGHTCLIFF,485000,139233515,Darwin City,800,premiere,2,2,2
Unit,Property Shop - Darwin,250000,131091530,Darwin City,800,premiere,1,1,1
Apartment,Darwin Residential and Commercial Real Estate Pty Ltd - CASUARINA,549000,139203271,Darwin City,800,premiere,2,2,2
Apartment,Knight Frank (NT) - Darwin,299000,139202891,Darwin City,800,premiere,1,1,1
Apartment,Elaine Mills Property Management - COOLALINGA,395000,139201043,Darwin City,800,premiere,3,1,1
Unit,LJ Hooker Darwin -   ,475000,139195495,Darwin City,800,premiere,2,2,2
Apartment,Knight Frank (NT) - Darwin,465000,139167095,Darwin City,800,premiere,1,1,1
Apartment,Real Estate Central Projects - Darwin,600000,139131591,Darwin City,800,premiere,3,2,2
House,Ray White City (NT) -    ,450000,139095611,Darwin City,800,premiere,1,1,1
Apartment,Real Estate Central - DARWIN CITY,749000,139091675,Darwin City,800,premiere,3,2,2
Unit,Real Estate NT by George Pikos - FANNIE BAY,289000,139050507,Darwin City,800,premiere,1,1,1
Apartment,Ausway Group,490000,139047935,Darwin City,800,premiere,2,2,2
Unit,Habitat Real Estate - THE GARDENS,565000,139027019,Darwin City,800,premiere,2,2,2
Apartment,Call2View Real Estate - Palmerston,399000,139024171,Darwin City,800,premiere,2,2,2
Apartment,First National Real Estate O'Donoghues - Darwin,469000,139023195,Darwin City,800,premiere,3,2,2
Apartment,First National Real Estate O'Donoghues - Darwin,649000,139012015,Darwin City,800,premiere,4,2,2
Unit,Territory Real Estate - Darwin,499000,138985619,Darwin City,800,feature,1,1,1
Apartment,Professionals - DARWIN CITY,400000,138982163,Darwin City,800,premiere,2,2,1
Apartment,First National Real Estate O'Donoghues - Darwin,800000,138965203,Darwin City,800,premiere,3,2,2
Apartment,Renee's Realty NT - DURACK,299000,138947235,Darwin City,800,premiere,1,1,1
Unit,Property Now - MOOLOOLABA,580000,138918695,Darwin City,800,standard,1,1,1
Apartment,Raine & Horne - Darwin,375000,138917719,Darwin City,800,premiere,2,2,2
Apartment,North Property NT - STUART PARK,489000,138898599,Darwin City,800,feature,2,2,1
Unit,Elders Real Estate - Darwin,195000,138882163,Darwin City,800,premiere,1,1,1
Apartment,LJ Hooker Darwin -   ,505000,138876263,Darwin City,800,premiere,2,2,2
Apartment,Ausway Group,325000,138865099,Darwin City,800,feature,2,2,2
Apartment,No Agent Property - BRIGHTON EAST,539000,138863175,Darwin City,800,standard,2,2,1
Apartment,Piening Property Sales - COOLALINGA,180000,138861435,Darwin City,800,feature,1,1,0
Unit,Property Now - MOOLOOLABA,145000,138798511,Darwin City,800,standard,1,1,0
Apartment,Ausway Group,215000,138784347,Darwin City,800,feature,1,1,1
Apartment,@realty - National Head Office Australia,450000,138760927,Darwin City,800,standard,2,2,1
Apartment,David Booth Real Estate Pty Ltd - Darwin,865000,138754883,Darwin City,800,standard,3,2,2
Apartment,Elders Real Estate - Darwin,400000,138748811,Darwin City,800,premiere,2,2,1
Unit,LJ Hooker Darwin -   ,369000,138732019,Darwin City,800,premiere,2,2,2
Apartment,Knight Frank (NT) - Darwin,350000,138713867,Darwin City,800,feature,1,1,1
Unit,Real Estate Central - DARWIN CITY,549000,138708715,Darwin City,800,premiere,3,2,2
Apartment,First National Real Estate O'Donoghues - Darwin,539000,138706855,Darwin City,800,standard,2,2,1
Apartment,Elders Real Estate - Darwin,490000,138702567,Darwin City,800,premiere,2,2,1
Apartment,Ausway Group,209000,138693067,Darwin City,800,feature,1,1,1
Apartment,Ray White Bayside - FANNIE BAY,420000,138683031,Darwin City,800,premiere,2,2,2
Unit,Real Estate Central Projects - DARWIN,510000,138681171,Darwin City,800,standard,3,2,2
Unit,Go Wise - WOOLNER,535000,138659831,Darwin City,800,premiere,2,2,2
Unit,North Property NT - STUART PARK,335000,138653575,Darwin City,800,feature,1,1,1
Apartment,Professionals - DARWIN CITY,850000,138650195,Darwin City,800,feature,4,2,2
Apartment,Professionals - DARWIN CITY,510000,138649539,Darwin City,800,feature,3,2,2
Unit,Nick Mousellis Real Estate - Eview Group Member,580000,138568447,Darwin City,800,premiere,2,2,2
Apartment,Professionals - DARWIN CITY,470000,138491115,Darwin City,800,feature,3,2,1
Apartment,First National Real Estate O'Donoghues - Darwin,539000,138490143,Darwin City,800,feature,2,2,1
Unit,LJ Hooker Darwin -   ,519000,138483943,Darwin City,800,premiere,2,2,2
Unit,LJ Hooker Darwin -   ,219000,138466843,Darwin City,800,premiere,1,1,1
Apartment,Ausway Group,235000,138450183,Darwin City,800,feature,1,1,1
Apartment,Real Estate NT by George Pikos - FANNIE BAY,315000,138408243,Darwin City,800,feature,1,1,1
Unit,Alliance Realty - Larrakeyah,450000,138405187,Darwin City,800,feature,3,2,2
Apartment,Cate Killiner Real Estate - Woolner,380000,138380847,Darwin City,800,standard,2,2,0
Apartment,Real Estate NT by George Pikos - FANNIE BAY,275000,138372799,Darwin City,800,feature,2,1,1
Unit,Territory Real Estate - Darwin,270000,138356819,Darwin City,800,feature,1,1,1
House,Elders Real Estate - Darwin,550000,138265490,Darwin City,800,feature,3,2,1
Unit,Habitat Real Estate - THE GARDENS,380000,138172746,Darwin City,800,feature,1,1,1
Apartment,First National Real Estate O'Donoghues - Darwin,868000,138131738,Darwin City,800,standard,3,2,2
Apartment,Real Estate Central - DARWIN CITY,539000,138089306,Darwin City,800,feature,2,2,1
Apartment,Real Estate Central - DARWIN CITY,165000,138088682,Darwin City,800,feature,1,1,1
Studio,Raine & Horne - Darwin,130000,138082094,Darwin City,800,premiere,1,1,1
Apartment,For Sale By Owner,589000,138055490,Darwin City,800,standard,3,2,2
Apartment,Professionals - DARWIN CITY,360000,137987178,Darwin City,800,standard,2,2,2
Apartment,Professionals - DARWIN CITY,430000,137986214,Darwin City,800,standard,3,2,2
Apartment,First National Real Estate O'Donoghues - Darwin,839000,137979626,Darwin City,800,standard,3,2,2
Unit,Property Shop - Darwin,147000,137961414,Darwin City,800,feature,1,1,0
Unit,Complete Real Estate (NT),270000,137955858,Darwin City,800,feature,2,1,1
Unit,Elders Real Estate - Darwin,795000,137954042,Darwin City,800,feature,3,2,2
Unit,Real Estate Central - DARWIN CITY,430000,137875178,Darwin City,800,feature,2,2,1
Unit,Core Realty NT - RAPID CREEK,555000,137649782,Darwin City,800,feature,2,2,2
Apartment,Pacific Property Darwin,529000,137629830,Darwin City,800,feature,2,2,1
Apartment,Knight Frank (NT) - Darwin,460000,137607210,Darwin City,800,feature,1,1,1
Unit,Real Estate Central - DARWIN CITY,195000,137601074,Darwin City,800,feature,1,1,1
Apartment,First National Real Estate O'Donoghues - Darwin,479000,137577878,Darwin City,800,feature,3,2,2
Unit,Real Estate Central - DARWIN CITY,295000,137573846,Darwin City,800,feature,2,1,1
Apartment,Knight Frank (NT) - Darwin,370000,137422038,Darwin City,800,feature,1,1,1
Unit,Habitat Real Estate - THE GARDENS,475000,137421174,Darwin City,800,feature,2,2,1
Unit,Habitat Real Estate - THE GARDENS,520000,137351610,Darwin City,800,feature,3,2,2
Apartment,Real Estate Central - DARWIN CITY,449000,137345410,Darwin City,800,feature,2,2,0
Apartment,LJ Hooker Darwin -   ,525000,137309842,Darwin City,800,feature,2,2,2
Apartment,Real Estate Central - DARWIN CITY,500000,137286054,Darwin City,800,premiere,3,2,1
Apartment,@realty - National Head Office Australia,595000,137213670,Darwin City,800,standard,2,2,2
Apartment,Knight Frank (NT) - Darwin,190000,130310230,Darwin City,800,feature,1,1,1
Unit,@realty - National Head Office Australia,235000,136588634,Darwin City,800,standard,1,1,1
Apartment,LJ Hooker Darwin -   ,370000,136546906,Darwin City,800,feature,2,2,0
Apartment,LJ Hooker Darwin -   ,175000,136028534,Darwin City,800,feature,1,1,1
Apartment,Knight Frank (NT) - Darwin,520000,135951846,Darwin City,800,feature,1,1,1
Unit,Darwin Residential and Commercial Real Estate Pty Ltd - CASUARINA,329000,135915590,Darwin City,800,feature,2,2,1
Apartment,First National Real Estate O'Donoghues - Darwin,559000,135722762,Darwin City,800,feature,3,2,2
Apartment,PRD Darwin - DARWIN City,279000,135549954,Darwin City,800,standard,1,1,0
Unit,Real Estate Central - DARWIN CITY,500000,135408698,Darwin City,800,feature,2,2,0
Apartment,For Sale By Owner,280000,135162630,Darwin City,800,standard,2,1,1
Apartment,David Booth Real Estate Pty Ltd - Darwin,800000,135017498,Darwin City,800,standard,3,2,2
Unit,No Agent Property - BRIGHTON EAST,280000,134958294,Darwin City,800,standard,2,1,1
Apartment,First National Real Estate O'Donoghues - Darwin,449000,134691086,Darwin City,800,feature,3,2,1
Apartment,Professionals - DARWIN CITY,455000,134336186,Darwin City,800,standard,2,2,2
Apartment,Knight Frank (NT) - Darwin,450000,134284934,Darwin City,800,feature,2,2,1
Unit,@realty - National Head Office Australia,685000,134243058,Darwin City,800,standard,2,2,2
Unit,Alliance Realty - Larrakeyah,289000,133954166,Darwin City,800,feature,2,2,1
Apartment,Property Now - MOOLOOLABA,429000,131924438,Darwin City,800,standard,2,2,2
Apartment,Get Realty - PALMERSTON CITY,559000,131088786,Darwin City,800,standard,2,2,1
Studio,PRD Darwin - DARWIN City,210000,130799762,Darwin City,800,standard,0,1,1
Unit,Raine & Horne - Darwin,200000,130692394,Darwin City,800,feature,1,1,1
Apartment,No Agent Property - BRIGHTON EAST,300000,128847582,Darwin City,800,standard,1,1,0
Apartment,Alliance Realty - Larrakeyah,450000,127886758,Darwin City,800,feature,2,2,2
Apartment,Knight Frank (NT) - Darwin,300000,126358194,Darwin City,800,feature,1,1,0
Unit,Property Now - MOOLOOLABA,499000,126204186,Darwin City,800,standard,2,2,1
Unit,Real Estate Central - DARWIN CITY,480000,125245746,Darwin City,800,standard,3,2,2
Unit,Darwin Residential and Commercial Real Estate Pty Ltd - CASUARINA,325000,125074482,Darwin City,800,feature,2,2,2
Unit,No Agent Property - BRIGHTON EAST,440000,124942194,Darwin City,800,standard,1,1,1
Unit,All About Real Estate NT - DARWIN CITY,310000,124505386,Darwin City,800,standard,2,1,0
Unit,For Sale By Owner,200000,123568538,Darwin City,800,standard,1,1,1
Unit,Sale By Home Owner - Australia,399000,123447334,Darwin City,800,standard,1,1,2
Unit,Darwin Residential and Commercial Real Estate Pty Ltd - CASUARINA,430000,122340386,Darwin City,800,feature,1,1,1
Unit,Real Value Properties NT - Northern Territory,99950,122153494,Darwin City,800,standard,0,1,1
Apartment,Property Now - MOOLOOLABA,900000,121787298,Darwin City,800,standard,3,2,2
Apartment,Knight Frank (NT) - Darwin,895000,119162699,Darwin City,800,standard,3,2,2
Unit,Elders Real Estate - Darwin,610000,116976859,Darwin City,800,standard,2,2,2
House,All About Real Estate NT - DARWIN CITY,665000,139470355,Leanyer,812,premiere,4,2,5
House,Elders Real Estate - Palmerston,575000,139469627,Durack,830,premiere,3,2,2
House,Professionals - DARWIN CITY,435000,139468611,Darwin City,800,premiere,2,1,1
House,Real Estate Central Projects - Darwin,550000,139466727,Herbert,836,premiere,3,2,6
House,For Sale By Owner,475000,139464255,Driver,830,standard,3,1,3
Apartment,Nick Mousellis Real Estate - Eview Group Member,320000,139463755,Darwin City,800,premiere,3,2,2
Townhouse,HERON PROPERTY - DARWIN,365000,139463159,Stuart Park,820,premiere,2,1,1
Unit,Habitat Real Estate - THE GARDENS,310000,139462495,Darwin City,800,premiere,2,1,1
House,Real Value Properties NT - Northern Territory,700000,139462383,Humpty Doo,836,premiere,5,2,10
House,Knight Frank (NT) - Darwin,419000,139461923,Driver,830,premiere,3,1,3
Unit,Eview Group - Corporate,330000,139455515,Wanguri,810,standard,2,2,2
House,Call2View Real Estate - Palmerston,560000,139455283,Bakewell,832,premiere,3,2,2
House,Absolute Real Estate NT - Darwin,460000,139454871,Karama,812,premiere,2,1,3
Unit,Elders Real Estate - Palmerston,290000,139454387,Bakewell,832,premiere,2,1,2
House,Call2View Real Estate - Palmerston,420000,139453903,Humpty Doo,836,premiere,2,1,2
House,Elders Real Estate - Darwin,570000,139452127,Jingili,810,premiere,4,2,2
House,Ray White - NIGHTCLIFF,259000,139451679,Darwin City,800,premiere,1,1,0
House,Kalo Real Estate - Darwin,569000,139376355,Gunn,832,premiere,4,2,2
Unit,Carol Need Real Estate - Fannie Bay,439000,139433803,Darwin City,800,premiere,3,2,2
House,Core Realty NT - RAPID CREEK,739000,139450159,Durack,830,premiere,4,2,2
House,Real Estate Central - DARWIN CITY,399000,139450007,Woodroffe,830,premiere,4,1,2
House,Call2View Real Estate - Palmerston,599000,139449919,Leanyer,812,premiere,3,1,2
Apartment,Real Estate Central - DARWIN CITY,660000,139449483,Parap,820,premiere,3,2,3
Apartment,Nicole Wheeler@realty - LARRAKEYAH,430000,139446743,Rapid Creek,810,standard,2,2,2
Unit,Ray White Bayside - FANNIE BAY,250000,139444759,Coolalinga,839,premiere,1,1,2
House,For Sale By Owner,800000,139442919,Karama,812,standard,5,3,2
House,Core Realty NT - RAPID CREEK,880000,139442843,Marrara,812,premiere,4,2,2
House,Elders Real Estate - Palmerston,540000,139439127,Gunn,832,premiere,3,2,3
Apartment,iProperty NT - Darwin,825000,139434039,Darwin City,800,premiere,3,2,2
House,Real Estate Central - DARWIN CITY,399000,139433323,Bakewell,832,premiere,3,1,2
Unit,Nicole Wheeler@realty - LARRAKEYAH,820000,139433055,Darwin City,800,premiere,3,2,2
House,Call2View Real Estate - Palmerston,549000,139432899,Karama,812,premiere,4,2,4
House,Real Value Properties NT - Northern Territory,370000,139430295,Moulden,830,premiere,3,1,4
House,Nick Mousellis Real Estate - Eview Group Member,500000,139429791,Leanyer,812,premiere,4,2,5
Unit,Renee's Realty NT - DURACK,325000,139429603,Woodroffe,830,premiere,2,1,2
Unit,@realty - National Head Office Australia,450000,139428983,Parap,820,standard,2,2,2
Apartment,@realty - National Head Office Australia,430000,139428911,Rapid Creek,810,standard,2,2,2
Unit,Raine & Horne - Darwin,450000,139428271,Woolner,820,premiere,2,2,2
Unit,Ray White City (NT) -    ,470000,139427595,Woolner,820,premiere,3,2,2
House,Urbex - ZUCCOLI,612300,600000995,Zuccoli,832,premiere,4,2,2
House,Urbex - ZUCCOLI,592000,600000995,Zuccoli,832,premiere,4,2,2
House,Urbex - ZUCCOLI,614000,600000995,Zuccoli,832,premiere,4,2,2
House,Real Estate Central - DARWIN CITY,425000,139425115,Moulden,830,premiere,3,1,1
Apartment,Cate Killiner Real Estate - Woolner,325000,139424179,Rapid Creek,810,standard,2,1,1
House,Call2View Real Estate - Palmerston,779000,139423359,Rosebery,832,premiere,5,3,3
Unit,Real Estate Central - DARWIN CITY,450000,139421739,Parap,820,premiere,2,2,1
Apartment,For Sale By Owner,425000,139420119,Woolner,820,standard,2,2,2
Unit,Property Shop - Darwin,369000,139419411,Darwin City,800,premiere,2,1,1
House,Ray White City (NT) -    ,850000,139418419,Rapid Creek,810,premiere,3,1,2
House,Core Realty NT - RAPID CREEK,539000,139417975,Anula,812,premiere,3,1,2
Apartment,North Property NT - STUART PARK,395000,139417559,Parap,820,premiere,1,1,2
Unit,Real Estate NT by George Pikos - FANNIE BAY,340000,139415863,Rosebery,832,premiere,2,2,2
Unit,Ray White - NIGHTCLIFF,475000,139413087,Stuart Park,820,premiere,2,1,2
House,All Real Estate NT,570000,139412287,Gray,830,midtier,4,2,2
House,Call2View Real Estate - Palmerston,419000,139412239,Rosebery,832,premiere,3,2,2
Unit,@realty - National Head Office Australia,285000,139411639,Fannie Bay,820,midtier,2,1,1
Unit,Real Estate Central Projects - Darwin,439000,139407883,Darwin City,800,premiere,2,2,1
House,No Agent Property - BRIGHTON EAST,470000,139407867,Woodroffe,830,standard,3,1,3
Unit,LJ Hooker Darwin -   ,365000,139406391,Woolner,820,premiere,2,2,2
Unit,Real Estate Central - DARWIN CITY,299000,139403051,Rapid Creek,810,premiere,2,1,1
House,LJ Hooker Darwin -   ,499000,139402963,Bakewell,832,premiere,3,2,2
Unit,Absolute Real Estate NT - Darwin,420000,139400443,Stuart Park,820,premiere,2,2,2
Unit,Real Estate Central - DARWIN CITY,270000,139400367,Wagaman,810,premiere,2,1,0
Unit,Ray White Bayside - FANNIE BAY,280000,139400079,Stuart Park,820,premiere,2,1,1
Unit,Raine & Horne - Darwin,275000,139399967,Bakewell,832,premiere,2,1,3
Acreage,Litchfield Realty - Humpty Doo,750000,139398515,Humpty Doo,836,premiere,4,2,6
Unit,First National Real Estate O'Donoghues - Darwin,285000,139397735,Bakewell,832,premiere,2,1,1
House,Call2View Real Estate - Palmerston,599000,139396347,Durack,830,premiere,4,2,2
Apartment,Real Estate Central - DARWIN CITY,455000,139395811,Darwin City,800,premiere,2,2,1
Unit,Elders Real Estate - Darwin,575000,139393795,Rapid Creek,810,premiere,3,2,3
Apartment,Professionals - DARWIN CITY,280000,139393067,Darwin City,800,premiere,1,1,1
House,For Sale By Owner,579000,139390543,Zuccoli,832,standard,4,2,2
House,Elders Real Estate - Darwin,530000,139388739,Karama,812,premiere,3,1,2
House,Elders Real Estate - Palmerston,739000,139386923,Berry Springs,838,premiere,4,2,2
House,Elders Real Estate - Palmerston,750000,139385719,Bellamack,832,premiere,4,2,3
House,Absolute Real Estate NT - Darwin,535000,139383779,Gray,830,premiere,4,3,6
House,Red Earth Property,629000,139383619,Humpty Doo,836,premiere,3,1,4
Unit,Absolute Real Estate NT - Darwin,275000,139383231,Stuart Park,820,premiere,1,1,1
House,Raine & Horne - Darwin,550000,139382119,Malak,812,premiere,3,1,2
House,K G Young & Associates Pty Ltd - Darwin,639000,139381639,Woolner,820,premiere,3,2,1
House,First National Real Estate O'Donoghues - Darwin,650000,139378407,Bellamack,832,premiere,4,2,2
Townhouse,First National Real Estate O'Donoghues - Darwin,329000,139375779,Millner,810,premiere,2,1,1
Apartment,Smith Real Estate NT,385000,139372067,Stuart Park,820,premiere,2,2,2
Apartment,Raine & Horne - Darwin,550000,139371843,Bayview,820,premiere,3,2,2
House,Raine & Horne - Darwin,549000,139369823,Driver,830,premiere,5,2,4
Unit,Nick Mousellis Real Estate - Eview Group Member,300000,139369455,Leanyer,812,premiere,2,1,1
Apartment,Cate Killiner Real Estate - Woolner,387000,139368543,Larrakeyah,820,standard,2,2,1
House,Renee's Realty NT - DURACK,420000,139367687,Woodroffe,830,premiere,3,1,4
Townhouse,Dunvegan Real Estate - PALMERSTON ,590000,139366871,Bayview,820,premiere,3,3,3
House,Call2View Real Estate - Palmerston,489000,139365199,Durack,830,premiere,3,2,2
House,LJ Hooker Darwin -   ,569000,139364171,Zuccoli,832,premiere,4,2,2
House,All About Real Estate NT - DARWIN CITY,435000,139364059,Woodroffe,830,premiere,3,1,2
Duplex/Semi-detached,Cate Killiner Real Estate - Woolner,495000,139363619,Rapid Creek,810,standard,3,1,1
Unit,Elders Real Estate - Darwin,439000,139363187,Darwin City,800,premiere,2,2,2
Acreage,No Agent Property - BRIGHTON EAST,875000,139362975,Humpty Doo,836,standard,4,2,3
Apartment,Urban Land Sales - DARWIN CITY,380000,139361499,Bellamack,832,standard,3,2,2
Apartment,Urban Land Sales - DARWIN CITY,240000,139361483,Bellamack,832,standard,1,1,1
Apartment,Urban Land Sales - DARWIN CITY,315000,139361427,Bellamack,832,standard,2,2,2
House,Gordon & Associates - GIRRAWEEN,570000,139360135,Woodroffe,830,premiere,4,3,2
House,Elaine Mills Property Management - COOLALINGA,460000,139358871,Bakewell,832,premiere,3,2,0
House,For Sale By Owner,685000,139356871,Leanyer,812,standard,3,1,5
House,Knight Frank (NT) - Darwin,775000,139356543,Darwin City,800,premiere,3,2,2
Other,Sale By Home Owner - Australia,429000,700199623,Stuart Park,820,standard,3,2,2
House,Sale By Home Owner - Australia,635000,139349547,Bellamack,832,standard,4,2,4
Apartment,Get Realty - PALMERSTON CITY,625000,139349347,Darwin City,800,premiere,3,2,2
House,Ausway Group,580000,139349231,Bellamack,832,premiere,4,2,0
House,Real Estate Central - DARWIN CITY,700000,139348191,Virginia,834,premiere,4,2,4
House,Cate Killiner Real Estate - Woolner,399000,139347107,Driver,830,standard,3,1,1
House,LJ Hooker Darwin -   ,750000,139344487,Johnston,832,premiere,5,2,2
House,LJ Hooker Darwin -   ,480000,139344491,Rosebery,832,premiere,3,1,2
Duplex/Semi-detached,Elders Real Estate - Palmerston,529000,139340991,Coolalinga,839,premiere,3,2,2
House,Real Estate Central Projects - Darwin,650000,139339651,Zuccoli,832,premiere,4,2,4
Unit,Territory Real Estate - Darwin,599000,139339003,Darwin City,800,premiere,2,2,2
Townhouse,Real Estate Central - DARWIN CITY,659000,139337367,Stuart Park,820,premiere,3,2,2
Apartment,Knight Frank (NT) - Darwin,490000,139336003,Darwin City,800,premiere,1,1,1
House,Complete Real Estate (NT),500000,139335535,Howard Springs,835,premiere,3,1,2
House,Raine & Horne - Darwin,405000,139329847,Moulden,830,premiere,3,1,2
House,Elders Real Estate - Palmerston,545000,139328787,Gunn,832,premiere,3,2,2
Unit,Sale By Home Owner - Australia,420000,139328583,Humpty Doo,836,standard,3,2,2
House,Real Value Properties NT - Northern Territory,690000,139327067,Herbert,836,premiere,5,2,12
House,Elders Real Estate - Palmerston,510000,139323731,Bakewell,832,premiere,3,2,2
Townhouse,Raine & Horne - Darwin,750000,139323219,Fannie Bay,820,premiere,3,2,2
Unit,Nick Mousellis Real Estate - Eview Group Member,337500,139319539,Darwin City,800,premiere,1,1,0
House,Call2View Real Estate - Palmerston,439000,139318927,Darwin City,800,premiere,2,2,1
Apartment,Knight Frank (NT) - Darwin,299000,139317155,Fannie Bay,820,premiere,2,1,0
Duplex/Semi-detached,Elders Real Estate - Darwin,490000,139316963,Zuccoli,832,premiere,3,2,2
House,Real Estate Central - DARWIN CITY,649000,139316855,Wagaman,810,premiere,4,2,2
Apartment,All Real Estate NT,440000,139312507,Darwin City,800,midtier,2,2,2
Unit,First National Real Estate O'Donoghues - Darwin,320000,139312015,Millner,810,premiere,2,1,2
House,Real Estate Central Projects - Darwin,490000,139309519,Rosebery,832,premiere,3,2,2
Duplex/Semi-detached,Real Estate Central - DARWIN CITY,489000,139309071,Rosebery,832,premiere,3,2,2
House,Real Estate Central Projects - Darwin,665000,139308527,Zuccoli,832,premiere,4,2,2
Unit,Elders Real Estate - Palmerston,298000,139304907,Bakewell,832,premiere,2,1,2
House,Knight Frank (NT) - Darwin,660000,139303919,Farrar,830,premiere,4,2,2
House,Elders Real Estate - Darwin,690000,139301931,Wagaman,810,premiere,4,2,2
House,Elders Real Estate - Palmerston,590000,139301143,Gunn,832,premiere,4,2,2
House,Real Estate Central Projects - Darwin,510000,136402774,Zuccoli,832,premiere,4,2,2
Unit,For Sale By Owner,420000,139300435,Stuart Park,820,standard,2,2,2
Apartment,Professionals - DARWIN CITY,640000,139299807,Darwin City,800,premiere,2,2,2
House,Call2View Real Estate - Palmerston,320000,139298959,Gray,830,premiere,2,1,1
House,Call2View Real Estate - Palmerston,695000,139298955,Alawa,810,premiere,4,2,2
Apartment,Cate Killiner Real Estate - Woolner,275000,139293471,Stuart Park,820,standard,1,1,1
Unit,UpNext Real Estate - DARWIN,285000,139289623,Nightcliff,810,premiere,2,1,1
House,All About Real Estate NT - DARWIN CITY,660000,136645606,Wulagi,812,premiere,3,1,4
Apartment,Real Estate NT by George Pikos - FANNIE BAY,435000,130650546,Stuart Park,820,premiere,2,2,2
House,Smith Real Estate NT,685000,139289359,Bees Creek,822,premiere,4,2,4
House,Call2View Real Estate - Palmerston,950000,139287887,Howard Springs,835,premiere,4,2,7
Apartment,Knight Frank (NT) - Darwin,500000,139287567,Darwin City,800,premiere,1,1,1
House,For Sale By Owner,498000,139286595,Woodroffe,830,standard,3,2,5
House,Real Estate Central Projects - Darwin,740000,139285131,Humpty Doo,836,premiere,6,4,10
Townhouse,Call2View Real Estate - Palmerston,450000,139282191,Rosebery,832,premiere,3,2,2
House,Freedom Property - Australia,700000,139281335,Farrar,830,premiere,4,2,2
Unit,Absolute Real Estate NT - Darwin,305000,139278451,Darwin City,800,premiere,1,1,1
Unit,Absolute Real Estate NT - Darwin,295000,139278075,Darwin City,800,premiere,1,1,1
Unit,Colliers International - Darwin,795000,139277147,Darwin City,800,premiere,3,3,4
Unit,Go Wise - WOOLNER,425000,139276935,Stuart Park,820,premiere,2,1,2
House,Raine & Horne - Darwin,700000,139276923,Bellamack,832,premiere,4,2,4
House,Freedom Property - Australia,485000,139276803,Woodroffe,830,premiere,3,2,4
House,North Property NT - STUART PARK,649000,139274403,Wagaman,810,premiere,3,3,2
House,Acacia Realty - NOONAMAH,665000,139274295,Farrar,830,premiere,4,2,4
House,Property Shop - Darwin,215000,139273615,Millner,810,feature,2,1,1
Unit,LJ Hooker Darwin -   ,339000,139272035,Coconut Grove,810,premiere,2,2,2
Villa,First National Real Estate O'Donoghues - Darwin,399000,139271063,The Gardens,820,premiere,2,1,1
Townhouse,LJ Hooker Darwin -   ,735000,139270331,The Gardens,820,premiere,3,2,3
Unit,Territory Real Estate - Darwin,295000,139269767,Nightcliff,810,premiere,2,1,1
House,First National Real Estate O'Donoghues - Darwin,725000,139268563,Durack,830,premiere,4,2,2
House,Get Realty - PALMERSTON CITY,485000,139267787,Gray,830,premiere,3,1,2
House,Call2View Real Estate - Palmerston,485000,139267403,Driver,830,premiere,3,1,4
Unit,Core Realty NT - RAPID CREEK,950000,139267215,Darwin City,800,premiere,3,2,2
House,Cate Killiner Real Estate - Woolner,610000,139267051,Johnston,832,standard,4,2,4
House,Real Estate Central - DARWIN CITY,500000,139264571,Rosebery,832,premiere,4,2,2
House,Elders Real Estate - Darwin,480000,139264147,Gray,830,premiere,3,2,2
House,Home Zone NT - DARWIN,449000,139262619,Driver,830,premiere,4,1,6
House,Real Estate Central - DARWIN CITY,795000,139262079,Stuart Park,820,premiere,4,2,2
House,Raine & Horne - Darwin,520000,139261963,Driver,830,premiere,4,2,4
Apartment,Real Estate Central - DARWIN CITY,620000,139259919,Larrakeyah,820,premiere,3,2,2
House,Approved Real Estate (NT) - PALMERSTON CITY,550000,139251103,Woodroffe,830,midtier,5,2,2
Unit,Freedom Property - Australia,292000,139246879,Karama,812,premiere,2,1,1
House,Renee's Realty NT - DURACK,475000,139245739,Woodroffe,830,premiere,3,1,2
Unit,Raine & Horne - Darwin,399000,139242627,Parap,820,premiere,1,1,1
House,Raine & Horne - Darwin,520000,139241971,Rosebery,832,premiere,3,2,2
House,First National Real Estate O'Donoghues - Darwin,820000,139240359,Stuart Park,820,premiere,4,2,4
Duplex/Semi-detached,First National Real Estate O'Donoghues - Darwin,460000,139240011,Rosebery,832,premiere,3,2,4
House,Real Estate Central - DARWIN CITY,449000,139239155,Gunn,832,premiere,3,2,1
Unit,@realty - National Head Office Australia,220000,139238999,Nightcliff,810,standard,1,1,1
House,Call2View Real Estate - Palmerston,575000,139238631,Durack,830,premiere,3,2,4
Unit,Territory Real Estate - Darwin,329000,139237099,Nightcliff,810,premiere,2,1,1
House,Call2View Real Estate - Palmerston,529000,139236027,Rosebery,832,premiere,4,2,3
Apartment,iProperty NT - Darwin,349000,139234963,Parap,820,premiere,2,1,1
House,Ray White - NIGHTCLIFF,485000,139233515,Darwin City,800,premiere,2,2,2
House,@realty - National Head Office Australia,389000,139233247,Driver,830,standard,3,1,1
Unit,Property Shop - Darwin,250000,131091530,Darwin City,800,premiere,1,1,1
House,Smith Real Estate NT,695000,139223083,Rosebery,832,premiere,4,2,4
Other,Sale By Home Owner - Australia,735000,700197387,Howard Springs,835,standard,3,2,8
House,Active Realty - NT,760000,139222055,Muirhead,810,premiere,4,2,2
House,Alliance Realty - Larrakeyah,535000,139221531,Parap,820,premiere,2,2,1
House,Alliance Realty - Larrakeyah,559000,139221507,Rosebery,832,premiere,4,2,2
House,For Sale By Owner,630000,139219791,Moil,810,standard,3,1,4
Unit,LJ Hooker Darwin -   ,429000,139217143,Stuart Park,820,premiere,3,2,2
Unit,Territory Real Estate - Darwin,300000,139216431,Karama,812,premiere,2,1,1
Unit,Eview Group - Corporate,300000,139214835,Rapid Creek,810,standard,2,2,1
Unit,Raine & Horne - Darwin,220000,139212311,Karama,812,premiere,2,1,1
House,Elders Real Estate - Palmerston,575000,139208727,Gunn,832,premiere,3,2,2
House,Renee's Realty NT - DURACK,799000,139206727,Johnston,832,premiere,4,2,10
House,Darwin Residential and Commercial Real Estate Pty Ltd - CASUARINA,480000,139206483,Wulagi,812,premiere,3,1,2
Apartment,Darwin Residential and Commercial Real Estate Pty Ltd - CASUARINA,549000,139203271,Darwin City,800,premiere,2,2,2
Apartment,Knight Frank (NT) - Darwin,299000,139202891,Darwin City,800,premiere,1,1,1
House,@realty - National Head Office Australia,649000,139202579,Rosebery,832,midtier,5,2,2
House,Real Estate NT by George Pikos - FANNIE BAY,380000,139202223,Woodroffe,830,premiere,3,1,1
Apartment,Elaine Mills Property Management - COOLALINGA,395000,139201043,Darwin City,800,premiere,3,1,1
House,Knight Frank (NT) - Darwin,860000,139198427,Berrimah,828,premiere,3,2,2
Unit,LJ Hooker Darwin -   ,475000,139195495,Darwin City,800,premiere,2,2,2
House,For Sale By Owner,485000,139194391,Gunn,832,standard,3,2,2
Villa,First National Real Estate O'Donoghues - Darwin,675000,139194123,Lyons,810,premiere,3,2,2
House,Call2View Real Estate - Palmerston,449000,139193603,Gray,830,premiere,4,1,4
House,HERON PROPERTY - DARWIN,850000,139192751,Bayview,820,premiere,3,2,2
Unit,Approved Real Estate (NT) - PALMERSTON CITY,295000,139190299,Gray,830,standard,2,1,2
Duplex/Semi-detached,Real Estate Central - DARWIN CITY,349000,139190219,Nightcliff,810,premiere,2,1,1
House,Elders Real Estate - Palmerston,735000,139186383,Gunn,832,premiere,4,2,2
Unit,For Sale By Owner,610000,139186215,Muirhead,810,standard,4,2,1
Apartment,Ray White Bayside - FANNIE BAY,465000,139181071,Coconut Grove,810,premiere,3,2,2
Townhouse,Real Estate Central Projects - Darwin,700000,139180051,The Gardens,820,premiere,3,2,2
House,K G Young & Associates Pty Ltd - Darwin,729000,139178339,Lyons,810,premiere,4,2,2
House,Eview Group - Corporate,620000,139175891,Wagaman,810,standard,5,3,2
House,Cate Killiner Real Estate - Woolner,595000,139170379,Anula,812,standard,4,2,2
Apartment,Real Estate Central - DARWIN CITY,380000,139169195,Driver,830,premiere,2,1,1
House,Freedom Property - Australia,435000,139168031,Karama,812,premiere,3,1,2
Apartment,Knight Frank (NT) - Darwin,465000,139167095,Darwin City,800,premiere,1,1,1
House,First National Real Estate O'Donoghues - Darwin,859000,139162227,Woolner,820,premiere,4,2,4
House,Real Value Properties NT - Northern Territory,800000,139159575,Bellamack,832,premiere,5,2,5
House,Raine & Horne - Darwin,450000,139156871,Wulagi,812,premiere,3,1,2
House,Renee's Realty NT - DURACK,500000,139155451,Herbert,836,premiere,2,1,0
House,Raine & Horne - Darwin,600000,139155235,Coconut Grove,810,premiere,3,2,2
Apartment,Ray White - Darwin,325000,139154435,Millner,810,premiere,2,1,2
House,Ray White - Darwin,550000,139154159,Moil,810,premiere,3,1,6
House,Call2View Real Estate - Palmerston,489000,139152679,Durack,830,premiere,3,2,2
Unit,Elders Real Estate - Palmerston,209000,139151639,Driver,830,premiere,2,1,0
Apartment,HERON PROPERTY - DARWIN,370000,139149811,Rapid Creek,810,premiere,2,1,1
Apartment,Ray White - Darwin,290000,139148587,Nightcliff,810,premiere,1,1,1
House,Professionals - DARWIN CITY,630000,139148531,Rosebery,832,premiere,4,2,2
Unit,Call2View Real Estate - Palmerston,269000,139145875,Tiwi,810,premiere,1,1,2
Apartment,Real Estate Central - DARWIN CITY,316000,139145831,Stuart Park,820,premiere,3,1,1
Unit,Eview Group - Corporate,115000,139144387,Parap,820,standard,1,1,0
Unit,Absolute Real Estate NT - Darwin,535000,139144355,Stuart Park,820,premiere,3,2,2
Unit,Cate Killiner Real Estate - Woolner,418000,139139827,Brinkin,810,standard,2,1,2
Unit,Colliers International - Darwin,385000,139138647,The Gardens,820,premiere,2,1,1
House,Freedom Property - Australia,780000,139137239,Durack,830,premiere,6,3,4
Acreage,Litchfield Realty - Humpty Doo,460000,139136891,Humpty Doo,836,premiere,3,1,0
Unit,Colliers International - Darwin,410000,139136063,Nightcliff,810,premiere,3,1,1
House,Property Portfolio Sales - East Brisbane ,819000,139134443,Muirhead,810,feature,4,2,2
Acreage,Renee's Realty NT - DURACK,449000,139134399,Herbert,836,premiere,2,2,0
Apartment,Real Estate Central Projects - Darwin,600000,139131591,Darwin City,800,premiere,3,2,2
Unit,Absolute Real Estate NT - Darwin,339000,139130223,Malak,812,premiere,2,1,3
Unit,@realty - National Head Office Australia,430000,139128159,Larrakeyah,820,standard,3,2,2
House,United Realty NT - Parap,540000,139123895,Tiwi,810,premiere,3,1,5
Unit,@realty - National Head Office Australia,450000,139122827,Parap,820,standard,2,2,2
Townhouse,Elders Real Estate - Darwin,830000,139118895,Bayview,820,premiere,3,2,2
Unit,Real Estate Central - DARWIN CITY,375000,139117763,Woolner,820,premiere,3,1,2
House,Call2View Real Estate - Palmerston,515000,139112599,Bakewell,832,premiere,3,2,3
Townhouse,Knight Frank (NT) - Darwin,665000,139108915,Bayview,820,premiere,3,3,2
Unit,For Sale By Owner,345000,139107851,Bakewell,832,standard,3,2,2
House,Active Realty - NT,505000,139107647,Millner,810,premiere,3,1,4
Townhouse,Real Estate NT by George Pikos - FANNIE BAY,525000,139106207,Rapid Creek,810,premiere,2,1,1
House,No Agent Property - BRIGHTON EAST,670000,139099343,Howard Springs,835,standard,3,2,6
House,Call2View Real Estate - Palmerston,625000,139098555,Humpty Doo,836,premiere,3,1,4
House,Ray White City (NT) -    ,450000,139095611,Darwin City,800,premiere,1,1,1
House,Real Estate Central - DARWIN CITY,590000,139093467,Johnston,832,premiere,4,2,2
Apartment,Real Estate Central - DARWIN CITY,749000,139091675,Darwin City,800,premiere,3,2,2
Unit,PRD Darwin - DARWIN City,259000,139090307,Millner,810,premiere,2,1,1
Unit,United Realty NT - Parap,225000,139090159,Bakewell,832,premiere,2,1,2
House,Piening Property Sales - COOLALINGA,548000,139089939,Gray,830,premiere,3,1,4
Unit,Elders Real Estate - Palmerston,445000,139087483,Brinkin,810,premiere,2,1,1
House,Cate Killiner Real Estate - Woolner,515000,139087215,Driver,830,standard,3,1,2
Duplex/Semi-detached,Cate Killiner Real Estate - Woolner,349000,139086503,Woodroffe,830,standard,2,1,1
Duplex/Semi-detached,Elders Real Estate - Palmerston,420000,139086067,Bakewell,832,premiere,3,2,2
House,Elaine Mills Property Management - COOLALINGA,950000,139085899,Herbert,836,premiere,5,3,2
Townhouse,Elders Real Estate - Palmerston,646000,139080835,Lyons,810,premiere,3,2,2
House,Ray White Bayside - FANNIE BAY,485000,139079559,Bellamack,832,premiere,3,2,2
Unit,Kassiou Constructions - HOWARD SPRINGS,510000,136150414,Rosebery,832,feature,3,2,3
Unit,Habitat Real Estate - THE GARDENS,390000,139073299,Brinkin,810,premiere,2,1,2
Duplex/Semi-detached,iProperty NT - Darwin,559000,139071039,Zuccoli,832,premiere,4,2,2
House,Elders Real Estate - Palmerston,495000,139069475,Gray,830,premiere,3,2,2
House,For Sale By Owner,525000,139069311,Johnston,832,standard,2,1,4
House,Milgate Real Estate - Cullen Bay,475000,139065727,Moulden,830,premiere,4,2,4
House,Call2View Real Estate - Palmerston,555000,139061675,Zuccoli,832,premiere,3,2,4
House,Call2View Real Estate - Palmerston,459000,139060231,Bakewell,832,premiere,3,2,4
Apartment,Ray White - NIGHTCLIFF,279000,139058603,Nightcliff,810,premiere,2,1,1
House,Nick Mousellis Real Estate - Eview Group Member,530000,139052699,Driver,830,premiere,5,2,2
Unit,Real Estate NT by George Pikos - FANNIE BAY,289000,139050507,Darwin City,800,premiere,1,1,1
House,Ray White - Darwin City,530000,139049887,Driver,830,premiere,4,2,2
Apartment,Ausway Group,490000,139047935,Darwin City,800,premiere,2,2,2
Apartment,Ray White Bayside - FANNIE BAY,449000,139045183,Parap,820,premiere,3,2,2
House,Sell My Property Now - Launceston,429000,139044887,Moulden,830,standard,3,1,4
House,Raine & Horne - Darwin,399000,139044255,Woodroffe,830,premiere,3,1,2
Unit,Real Estate NT by George Pikos - FANNIE BAY,389000,139043575,Fannie Bay,820,premiere,1,1,1
House,Litchfield Realty - Humpty Doo,575000,139043435,Driver,830,premiere,4,2,4
House,McGees Property - Darwin,589500,139040775,Malak,812,premiere,3,2,2
House,Real Estate Central - DARWIN CITY,600000,139040747,Farrar,830,premiere,4,2,2
House,Approved Real Estate (NT) - PALMERSTON CITY,485000,139039151,Gunn,832,standard,3,2,2
Acreage,LJ Hooker Darwin -   ,850000,139033627,Girraween,836,premiere,6,2,3
Unit,United Realty NT - Parap,165000,139029507,Rapid Creek,810,premiere,1,1,1
House,Acacia Realty - NOONAMAH,355000,139029483,Berry Springs,838,premiere,3,2,5
House,Kalo Real Estate - Darwin,399000,130030586,Driver,830,premiere,3,1,2
Unit,Habitat Real Estate - THE GARDENS,565000,139027019,Darwin City,800,premiere,2,2,2
Unit,Elders Real Estate - Darwin,330000,139025871,Fannie Bay,820,premiere,2,1,1
Duplex/Semi-detached,First National Real Estate O'Donoghues - Darwin,440000,139024863,Rosebery,832,premiere,3,2,2
House,Raine & Horne - Darwin,650000,139024635,Bellamack,832,premiere,5,2,2
Apartment,Call2View Real Estate - Palmerston,399000,139024171,Darwin City,800,premiere,2,2,2
Apartment,First National Real Estate O'Donoghues - Darwin,479000,139023943,Cullen Bay,820,premiere,2,2,2
Apartment,First National Real Estate O'Donoghues - Darwin,469000,139023195,Darwin City,800,premiere,3,2,2
Duplex/Semi-detached,Renee's Realty NT - DURACK,410000,139022195,Bakewell,832,premiere,3,2,6
House,Real Estate Central - DARWIN CITY,620000,139020007,Jingili,810,premiere,4,2,2
House,Raine & Horne - Darwin,775000,139019367,Stuart Park,820,premiere,4,2,4
House,Knight Frank (NT) - Darwin,580000,138958643,Rosebery,832,premiere,3,2,2
Unit,Elders Real Estate - Darwin,329000,125436786,Leanyer,812,premiere,2,1,1
House,Real Estate Central - DARWIN CITY,660000,139013543,Wagaman,810,premiere,5,2,4
Apartment,First National Real Estate O'Donoghues - Darwin,649000,139012015,Darwin City,800,premiere,4,2,2
House,Renee's Realty NT - DURACK,899000,139009879,Howard Springs,835,premiere,3,2,4
House,First National Real Estate O'Donoghues - Darwin,420000,139008335,Moulden,830,premiere,3,1,2
Townhouse,For Sale By Owner,335000,139001859,Stuart Park,820,standard,2,1,0
House,First National Real Estate O'Donoghues - Darwin,799000,138999975,Howard Springs,835,premiere,4,2,2
House,Real Estate Central - DARWIN CITY,639000,138995083,Anula,812,premiere,4,2,2
House,Acacia Realty - NOONAMAH,499000,138988683,Berry Springs,838,premiere,4,2,6
Unit,Territory Real Estate - Darwin,499000,138985619,Darwin City,800,feature,1,1,1
Apartment,Professionals - DARWIN CITY,400000,138982163,Darwin City,800,premiere,2,2,1
Unit,Call2View Real Estate - Palmerston,279000,138979211,Gray,830,premiere,2,1,2
House,@realty - National Head Office Australia,900000,138977415,Coconut Grove,810,standard,3,3,2
House,Real Estate Central Projects - Darwin,575000,138977051,Bellamack,832,premiere,3,2,2
Apartment,United Realty NT - Parap,380000,138975023,Cullen Bay,820,premiere,2,2,1
Unit,Litchfield Realty - Humpty Doo,345000,138974091,Humpty Doo,836,premiere,2,1,1
House,First National Real Estate O'Donoghues - Darwin,859000,138972343,Ludmilla,820,premiere,4,2,2
House,Real Estate Central Projects - Darwin,740000,138971987,Humpty Doo,836,premiere,5,2,10
House,Call2View Real Estate - Palmerston,569000,138970855,Zuccoli,832,premiere,3,2,4
House,Real Estate Central - DARWIN CITY,490000,138970599,Karama,812,premiere,3,1,2
House,Knight Frank (NT) - Darwin,600000,138969275,Rosebery,832,premiere,4,2,2
House,Raine & Horne - Darwin,700000,138968315,Tiwi,810,premiere,4,2,4
Apartment,Ellis Parker Real Estate - LARRAKEYAH,290000,138967279,Nightcliff,810,premiere,1,1,1
House,Renee's Realty NT - DURACK,599000,138965495,Gray,830,premiere,4,2,3
Apartment,First National Real Estate O'Donoghues - Darwin,800000,138965203,Darwin City,800,premiere,3,2,2
House,Renee's Realty NT - DURACK,720000,138964243,Zuccoli,832,premiere,4,2,2
House,Raine & Horne - Darwin,600000,138962595,Herbert,836,premiere,3,1,4
House,United Realty NT - Parap,430000,138961551,Moulden,830,premiere,3,1,3
Unit,iProperty NT - Darwin,330000,138950731,Rosebery,832,premiere,2,2,2
House,Real Estate Central - DARWIN CITY,580000,138950523,Malak,812,premiere,3,2,3
House,Real Estate NT by George Pikos - FANNIE BAY,400000,138947911,Moulden,830,premiere,3,1,2
House,Renee's Realty NT - DURACK,849000,138947695,Howard Springs,835,premiere,3,3,0
House,Renee's Realty NT - DURACK,599000,138947463,Gunn,832,premiere,4,2,2
Apartment,Renee's Realty NT - DURACK,299000,138947235,Darwin City,800,premiere,1,1,1
House,Milgate Real Estate - Cullen Bay,475000,138944359,Woodroffe,830,premiere,3,1,2
House,Home Zone NT - DARWIN,679000,138942975,Durack,830,premiere,4,2,2
House,Absolute Real Estate NT - Darwin,560000,138942243,Anula,812,premiere,3,1,4
House,Elders Real Estate - Palmerston,475000,138942211,Bakewell,832,premiere,3,1,4
Unit,Elders Real Estate - Palmerston,319000,138941523,Gray,830,premiere,2,1,2
House,Real Estate Central - DARWIN CITY,520000,138939703,Driver,830,premiere,4,2,2
House,Nick Mousellis Real Estate - Eview Group Member,639000,138937531,Jingili,810,premiere,3,1,3
Townhouse,Active Realty - NT,750000,138937107,Bayview,820,premiere,4,2,2
Unit,Sale By Home Owner - Australia,439000,138924271,Bayview,820,standard,3,2,2
House,No Agent Property - BRIGHTON EAST,550000,138923095,Durack,830,standard,3,2,2
House,Sale By Home Owner - Australia,580000,138918983,Farrar,830,standard,4,2,2
Unit,Property Now - MOOLOOLABA,580000,138918695,Darwin City,800,standard,1,1,1
Apartment,Raine & Horne - Darwin,375000,138917719,Darwin City,800,premiere,2,2,2
Apartment,Real Estate NT by George Pikos - FANNIE BAY,495000,138911611,Rapid Creek,810,feature,2,2,2
House,Core Realty NT - RAPID CREEK,545000,138907247,Jingili,810,premiere,3,1,2
Townhouse,North Property NT - STUART PARK,429000,138906439,Driver,830,feature,3,1,2
House,Real Estate Central - DARWIN CITY,550000,138902823,Tiwi,810,premiere,4,1,3
House,Raine & Horne - Darwin,480000,138901835,Bakewell,832,premiere,3,2,2
Apartment,North Property NT - STUART PARK,489000,138898599,Darwin City,800,feature,2,2,1
House,Elders Real Estate - Palmerston,599000,138898187,Driver,830,premiere,4,2,2
House,Call2View Real Estate - Palmerston,489000,138897943,Rosebery,832,premiere,3,2,2
Apartment,Ray White Bayside - FANNIE BAY,550000,138897243,Larrakeyah,820,standard,3,2,2
Unit,Elders Real Estate - Darwin,700000,138890903,Nightcliff,810,premiere,3,2,2
Duplex/Semi-detached,For Sale By Owner,620000,138890231,Lyons,810,standard,3,2,2
House,Home Zone NT - DARWIN,399000,138888415,Driver,830,feature,4,1,4
House,United Realty NT - Parap,485000,138887879,Woodroffe,830,feature,4,2,3
House,All About Real Estate NT - DARWIN CITY,620000,138884635,Jingili,810,premiere,4,2,2
Unit,Elders Real Estate - Darwin,390000,138884235,Nightcliff,810,premiere,2,1,1
House,Approved Real Estate (NT) - PALMERSTON CITY,620000,138883855,Johnston,832,standard,4,2,2
Unit,Habitat Real Estate - THE GARDENS,320000,138882863,Fannie Bay,820,feature,2,1,2
Unit,Elders Real Estate - Darwin,195000,138882163,Darwin City,800,premiere,1,1,1
House,Elders Real Estate - Palmerston,435000,138881851,Moulden,830,premiere,3,1,2
Townhouse,Elders Real Estate - Palmerston,895000,138878759,The Gardens,820,premiere,4,3,3
Apartment,LJ Hooker Darwin -   ,505000,138876263,Darwin City,800,premiere,2,2,2
House,K G Young & Associates Pty Ltd - Darwin,719000,138872939,Lyons,810,feature,4,2,2
House,Red Earth Property,470000,138871975,Durack,830,feature,3,1,2
Unit,LJ Hooker Darwin -   ,149000,138871491,Rapid Creek,810,premiere,1,1,1
House,Elders Real Estate - Palmerston,480000,138868435,Gray,830,premiere,3,1,1
House,Call2View Real Estate - Palmerston,789000,138866463,Nakara,810,premiere,4,2,6
Apartment,Ausway Group,325000,138865099,Darwin City,800,feature,2,2,2
House,buymyplace,495000,138864767,Woodroffe,830,standard,3,1,2
Apartment,No Agent Property - BRIGHTON EAST,539000,138863175,Darwin City,800,standard,2,2,1
House,Elders Real Estate - Palmerston,457000,117230191,Bakewell,832,premiere,3,1,1
Unit,Sale By Home Owner - Australia,350000,138862459,Larrakeyah,820,standard,2,1,1
House,No Agent Property - BRIGHTON EAST,600000,138862107,Bellamack,832,standard,4,2,3
Apartment,Piening Property Sales - COOLALINGA,180000,138861435,Darwin City,800,feature,1,1,0
House,Kassiou Constructions - HOWARD SPRINGS,600000,138860803,Berrimah,828,standard,3,2,2
House,Professionals - DARWIN CITY,489000,138860015,Driver,830,feature,5,3,2
House,Professionals - DARWIN CITY,499000,138859491,Woodroffe,830,feature,3,2,3
House,Absolute Real Estate NT - Darwin,650000,138857291,Rosebery,832,feature,4,2,2
House,Property Shop - Darwin,830000,138846515,Rapid Creek,810,feature,3,1,3
Unit,Real Estate NT by George Pikos - FANNIE BAY,400000,138844639,The Gardens,820,feature,2,1,1
House,Property Shop - Darwin,450000,138839803,Driver,830,feature,4,2,2
Townhouse,Approved Real Estate (NT) - PALMERSTON CITY,299000,138828039,Malak,812,standard,2,1,2
House,Absolute Real Estate NT - Darwin,635000,138826979,Durack,830,feature,4,2,2
Apartment,Real Estate Central - DARWIN CITY,199000,138816527,Nightcliff,810,premiere,1,1,1
House,Call2View Real Estate - Palmerston,570000,138808023,Rosebery,832,premiere,4,2,4
House,Darwin Building Consultants - VIRGINIA,899000,138803679,Bellamack,832,feature,5,2,3
House,K G Young & Associates Pty Ltd - Darwin,419000,138803295,Driver,830,feature,3,1,2
Unit,Property Now - MOOLOOLABA,145000,138798511,Darwin City,800,standard,1,1,0
Unit,For Sale By Owner,289000,138792207,Parap,820,standard,1,1,1
House,Absolute Real Estate NT - Darwin,499000,138791511,Bakewell,832,premiere,4,2,4
House,Real Estate Central Projects - Darwin,595000,138790327,Jingili,810,premiere,4,2,2
House,Raine & Horne - Darwin,499000,138786627,Durack,830,premiere,3,2,1
Apartment,Home Zone NT - DARWIN,399000,138786623,Farrar,830,feature,3,2,2
Apartment,Ausway Group,215000,138784347,Darwin City,800,feature,1,1,1
Apartment,Professionals - DARWIN CITY,480000,138782967,Woolner,820,feature,3,2,2
Apartment,All About Real Estate NT - DARWIN CITY,339000,138780823,Johnston,832,premiere,3,2,2
House,Active Realty - NT,340000,138780743,Woodroffe,830,feature,3,1,4
House,Real Value Properties NT - Northern Territory,490000,138779895,Karama,812,feature,4,2,4
Unit,Real Estate Central - DARWIN CITY,500000,138775831,Woolner,820,premiere,3,2,2
Duplex/Semi-detached,Milgate Real Estate - Cullen Bay,375000,138775551,Rosebery,832,feature,3,1,2
House,Elders Real Estate - Palmerston,462500,138772295,Durack,830,premiere,3,1,2
Unit,Absolute Real Estate NT - Darwin,410000,138770363,The Gardens,820,premiere,2,1,2
House,Elders Real Estate - Palmerston,550000,138768103,Gunn,832,premiere,4,2,2
House,Mercury Real Estate,430000,138765627,Bakewell,832,feature,3,1,2
Unit,Absolute Real Estate NT - Darwin,320000,138763935,Marrara,812,premiere,2,1,2
Apartment,@realty - National Head Office Australia,450000,138760927,Darwin City,800,standard,2,2,1
Unit,Territory Real Estate - Darwin,430000,138756503,Nightcliff,810,feature,2,2,2
Apartment,David Booth Real Estate Pty Ltd - Darwin,865000,138754883,Darwin City,800,standard,3,2,2
House,Nick Mousellis Real Estate - Eview Group Member,740000,138752435,Durack,830,premiere,4,2,3
House,Elders Real Estate - Palmerston,895000,131073306,Berrimah,828,premiere,4,3,2
Unit,Ray White - Darwin City,255000,138750551,Tiwi,810,premiere,2,1,0
House,Ray White - Darwin City,775000,138750255,Muirhead,810,premiere,4,2,2
Apartment,Elders Real Estate - Darwin,400000,138748811,Darwin City,800,premiere,2,2,1
House,Renee's Realty NT - DURACK,400000,138748519,Moulden,830,feature,4,1,0
House,Renee's Realty NT - DURACK,449000,138744755,Gray,830,feature,3,1,0
House,Renee's Realty NT - DURACK,780000,138738027,Humpty Doo,836,feature,3,2,0
Unit,LJ Hooker Darwin -   ,369000,138732019,Darwin City,800,premiere,2,2,2
Unit,First National Real Estate O'Donoghues - Darwin,260000,138727355,Parap,820,feature,2,1,1
House,Darwin Building Consultants - VIRGINIA,525000,124837718,Zuccoli,832,standard,3,2,1
Townhouse,All About Real Estate NT - DARWIN CITY,765000,138725351,Stuart Park,820,premiere,3,2,2
Apartment,Knight Frank (NT) - Darwin,350000,138713867,Darwin City,800,feature,1,1,1
Unit,Real Estate Central - DARWIN CITY,549000,138708715,Darwin City,800,premiere,3,2,2
Apartment,First National Real Estate O'Donoghues - Darwin,539000,138706855,Darwin City,800,standard,2,2,1
Apartment,Elders Real Estate - Darwin,490000,138702567,Darwin City,800,premiere,2,2,1
House,Knight Frank (NT) - Darwin,550000,138700371,Karama,812,feature,5,2,5
House,Habitat Real Estate - THE GARDENS,480000,138700291,Anula,812,feature,3,1,2
Unit,Carol Need Real Estate - Fannie Bay,289000,133591954,Marrara,812,premiere,1,1,1
Apartment,Ausway Group,209000,138693067,Darwin City,800,feature,1,1,1
House,Elders Real Estate - Palmerston,849000,138689535,Durack,830,premiere,6,4,6
House,Go Wise - WOOLNER,525000,138685867,Bakewell,832,feature,4,2,2
Apartment,Ray White Bayside - FANNIE BAY,420000,138683031,Darwin City,800,premiere,2,2,2
Unit,Real Estate Central Projects - DARWIN,510000,138681171,Darwin City,800,standard,3,2,2
House,Real Estate Central - DARWIN CITY,570000,138678015,Bellamack,832,premiere,3,2,2
House,Home Zone NT - DARWIN,549000,138671319,Durack,830,feature,3,2,2
House,HERON PROPERTY - DARWIN,730000,138670247,Rapid Creek,810,premiere,4,2,2
House,Knight Frank (NT) - Darwin,590000,138667551,Rosebery,832,feature,3,2,0
Unit,Alliance Realty - Larrakeyah,575000,138666787,Muirhead,810,feature,3,2,2
Unit,@realty - National Head Office Australia,350000,138665791,Bakewell,832,standard,2,1,2
House,Real Estate Central - DARWIN CITY,500000,138660371,Farrar,830,premiere,3,2,2
Unit,Go Wise - WOOLNER,535000,138659831,Darwin City,800,premiere,2,2,2
Unit,Go Wise - WOOLNER,325000,138659631,Nightcliff,810,premiere,2,1,1
Unit,North Property NT - STUART PARK,335000,138653575,Darwin City,800,feature,1,1,1
Apartment,Gordon & Associates - GIRRAWEEN,780000,138650347,Parap,820,feature,3,2,3
Apartment,Professionals - DARWIN CITY,850000,138650195,Darwin City,800,feature,4,2,2
House,Freedom Property - Australia,750000,138649895,Rosebery Heights,832,feature,4,2,2
Apartment,Professionals - DARWIN CITY,510000,138649539,Darwin City,800,feature,3,2,2
House,Real Estate Central Projects - Darwin,560000,138643295,Driver,830,premiere,5,2,4
Unit,Kalo Real Estate - Darwin,440000,138642619,Johnston,832,feature,3,2,2
Unit,Acacia Realty - NOONAMAH,295000,138642287,Bakewell,832,feature,2,1,2
Duplex/Semi-detached,Eview Group - Corporate,610000,138640675,Muirhead,810,standard,4,2,2
Townhouse,Real Estate Central - DARWIN CITY,370000,138640623,Driver,830,premiere,3,1,2
Duplex/Semi-detached,Call2View Real Estate - Palmerston,359000,138634939,Bakewell,832,premiere,3,2,1
House,Elders Real Estate - Palmerston,595000,138614051,Zuccoli,832,premiere,4,2,2
Unit,Nick Mousellis Real Estate - Eview Group Member,277500,138610195,Wagaman,810,premiere,2,1,1
House,Knight Frank (NT) - Darwin,650000,138601343,Ludmilla,820,feature,6,3,3
Apartment,Renee's Realty NT - DURACK,200000,138598923,Bakewell,832,feature,2,1,0
House,Colliers International - Darwin,385000,138593719,The Gardens,820,feature,2,1,1
House,Active Realty - NT,500000,138592811,Farrar,830,feature,4,2,2
House,Sell My Property Now - Launceston,570000,138589227,Gray,830,standard,3,2,7
House,Cate Killiner Real Estate - Woolner,625000,138585627,Tiwi,810,feature,5,2,4
House,Renee's Realty NT - DURACK,520000,138584283,Bellamack,832,feature,3,2,0
House,Renee's Realty NT - DURACK,500000,138583851,Johnston,832,feature,4,3,0
Apartment,All About Real Estate NT - DARWIN CITY,345000,138579507,Coolalinga,839,premiere,2,2,2
House,North Property NT - STUART PARK,475000,138579495,Bellamack,832,feature,3,2,4
Duplex/Semi-detached,Get Realty - PALMERSTON CITY,360000,138571859,Moulden,830,feature,3,2,2
House,Renee's Realty NT - DURACK,399000,138571527,Gunn,832,feature,3,1,0
Unit,Nick Mousellis Real Estate - Eview Group Member,580000,138568447,Darwin City,800,premiere,2,2,2
Townhouse,Elders Real Estate - Palmerston,409000,138566059,Rosebery,832,premiere,3,2,2
House,Acacia Realty - NOONAMAH,470000,138560167,Berry Springs,838,feature,3,2,2
Unit,Elders Real Estate - Palmerston,283000,121830758,The Gardens,820,premiere,1,1,1
House,For Sale By Owner,699000,138557711,Muirhead,810,standard,4,2,2
Townhouse,@realty - National Head Office Australia,390000,138557035,Rosebery,832,standard,3,2,2
House,Real Estate Central - DARWIN CITY,615000,138551947,Karama,812,premiere,3,1,2
Townhouse,All About Real Estate NT - DARWIN CITY,645000,138550347,Stuart Park,820,premiere,3,3,2
House,Red Earth Property,599000,138548191,Woodroffe,830,feature,4,2,6
House,Approved Real Estate (NT) - PALMERSTON CITY,615000,138540743,Johnston,832,standard,4,2,2
House,Elders Real Estate - Darwin,370000,138537739,Karama,812,premiere,1,1,3
House,Ray White - Darwin City,515000,138534939,Woodroffe,830,premiere,4,2,2
House,Elders Real Estate - Palmerston,675000,108530451,Farrar,830,premiere,4,2,2
House,Darwin Building Consultants - VIRGINIA,289000,138532675,Johnston,832,standard,2,2,2
House,Darwin Building Consultants - VIRGINIA,480000,138532507,Gray,830,standard,3,2,3
Unit,Elders Real Estate - Darwin,500000,138529151,Bayview,820,premiere,3,2,2
Unit,Raine & Horne - Darwin,299000,138518031,Coconut Grove,810,premiere,2,2,1
House,Approved Real Estate (NT) - PALMERSTON CITY,615000,138517875,Rosebery,832,standard,4,2,2
Unit,Elders Real Estate - Darwin,260000,138507327,Alawa,810,premiere,2,1,1
House,For Sale By Owner,675000,138504247,Nakara,810,standard,4,3,2
House,Knight Frank (NT) - Darwin,515000,138502895,Bellamack,832,feature,3,2,2
House,For Sale By Owner,545000,138500535,Zuccoli,832,standard,3,2,2
Apartment,Professionals - DARWIN CITY,470000,138491115,Darwin City,800,feature,3,2,1
Apartment,First National Real Estate O'Donoghues - Darwin,539000,138490143,Darwin City,800,feature,2,2,1
House,Real Estate Central - DARWIN CITY,475000,138488975,Bakewell,832,premiere,3,1,2
Apartment,PRD Darwin - DARWIN City,360000,138487679,Alawa,810,feature,3,1,1
House,Home Zone NT - DARWIN,449000,138487583,Gray,830,feature,3,1,2
House,Home Zone NT - DARWIN,479000,138486915,Gunn,832,feature,3,1,2
Unit,Elaine Mills Property Management - COOLALINGA,370000,138486551,Bellamack,832,feature,2,1,2
Unit,LJ Hooker Darwin -   ,519000,138483943,Darwin City,800,premiere,2,2,2
House,Kalo Real Estate - Darwin,540000,138478459,Rosebery,832,feature,4,2,2
Unit,LJ Hooker Darwin -   ,219000,138466843,Darwin City,800,premiere,1,1,1
House,Complete Real Estate (NT),700000,129202186,Howard Springs,835,feature,4,2,4
House,Renee's Realty NT - DURACK,499000,138454103,Bakewell,832,feature,3,1,0
House,First National Real Estate O'Donoghues - Darwin,539000,138452507,Malak,812,feature,3,1,2
House,Professionals - DARWIN CITY,600000,138452407,Farrar,830,feature,4,2,2
Apartment,Ausway Group,235000,138450183,Darwin City,800,feature,1,1,1
House,Renee's Realty NT - DURACK,499000,138445635,Herbert,836,feature,2,1,0
Townhouse,For Sale By Owner,699000,138439219,Stuart Park,820,standard,3,2,2
Unit,Elders Real Estate - Darwin,395000,138438907,Larrakeyah,820,feature,2,1,2
Unit,Cate Killiner Real Estate - Woolner,269000,138433851,Parap,820,standard,2,1,1
Unit,For Sale By Owner,419000,138431255,Nightcliff,810,standard,2,2,2
Unit,PRD Darwin - DARWIN City,380000,138431123,Tiwi,810,feature,2,1,2
Apartment,@realty - National Head Office Australia,430000,138428675,Rapid Creek,810,standard,2,2,2
House,Call2View Real Estate - Palmerston,244000,138411891,Rosebery,832,premiere,2,1,2
House,Cate Killiner Real Estate - Woolner,599000,138411811,Leanyer,812,standard,3,2,2
Apartment,Real Estate Central - DARWIN CITY,480000,138411091,Rapid Creek,810,premiere,2,2,2
House,Kassiou Constructions - HOWARD SPRINGS,560000,138408951,Zuccoli,832,standard,3,2,2
Apartment,Real Estate NT by George Pikos - FANNIE BAY,315000,138408243,Darwin City,800,feature,1,1,1
Apartment,PRD Darwin - DARWIN City,585000,138406359,Nightcliff,810,feature,3,2,2
Unit,Alliance Realty - Larrakeyah,450000,138405187,Darwin City,800,feature,3,2,2
House,@realty - National Head Office Australia,630000,138403919,Leanyer,812,standard,5,2,2
House,Complete Real Estate (NT),300000,138402127,Woodroffe,830,feature,3,1,0
House,Sell My Property Now - Launceston,685000,129583726,Howard Springs,835,standard,3,1,10
House,Call2View Real Estate - Palmerston,469000,138399015,Bellamack,832,premiere,3,2,2
Apartment,North Property NT - STUART PARK,439000,138384607,Bayview,820,feature,3,2,2
Apartment,Ausway Group,299000,138384163,Bellamack,832,feature,2,2,1
Apartment,Cate Killiner Real Estate - Woolner,380000,138380847,Darwin City,800,standard,2,2,0
Townhouse,Home Zone NT - DARWIN,339000,138366019,Stuart Park,820,feature,2,1,1
Apartment,Real Estate NT by George Pikos - FANNIE BAY,275000,138372799,Darwin City,800,feature,2,1,1
House,Cate Killiner Real Estate - Woolner,425000,138372755,Gunn,832,standard,3,2,2
Townhouse,Real Estate NT by George Pikos - FANNIE BAY,370000,138371639,Parap,820,feature,2,2,0
House,Elders Real Estate - Palmerston,415000,138364263,Moulden,830,feature,3,1,2
House,Sale By Home Owner - Australia,550000,138361763,Moil,810,standard,4,2,5
House,HERON PROPERTY - DARWIN,740000,138361243,Wanguri,810,feature,5,2,6
Unit,Territory Real Estate - Darwin,270000,138356819,Darwin City,800,feature,1,1,1
Unit,Colliers International - Darwin,390000,138353731,Parap,820,feature,2,2,2
House,Real Estate Central - DARWIN CITY,495000,138350855,Woodroffe,830,feature,4,2,2
House,Kassiou Constructions - HOWARD SPRINGS,601000,138333062,Humpty Doo,836,standard,4,2,2
House,Kassiou Constructions - HOWARD SPRINGS,655000,138333058,Humpty Doo,836,standard,4,2,2
House,Kassiou Constructions - HOWARD SPRINGS,675000,138333050,Lee Point,810,standard,4,2,3
Unit,Home Zone NT - DARWIN,399000,138330946,Stuart Park,820,feature,2,2,2
